attention_implementation,case_id,claim_protocol,clean_logprob,margin,marker_present,pair_id,predicted_label,scorer_protocol,timestamp,trace_outcome,webshell_logprob
eager,529,label_pressure_expression_regulation_prefix_causal_v1,-0.0005388000281527638,8.375035430493881,True,529__marker,Clean,shared_scaffold_label_suffix_prefix_causal_v2,2026-07-27T14:59:14.484589+00:00,Clean,-8.375574230522034
eager,529,label_pressure_expression_regulation_prefix_causal_v1,-3.7764534950256348,-3.749989530126186,True,529__marker,Webshell,shared_scaffold_label_suffix_prefix_causal_v2,2026-07-27T14:59:15.645438+00:00,Webshell,-0.02646396489944891
eager,529,label_pressure_expression_regulation_prefix_causal_v1,-0.00130425242241472,7.8750360169688065,False,529__no_marker,Clean,shared_scaffold_label_suffix_prefix_causal_v2,2026-07-27T14:59:17.375164+00:00,Clean,-7.876340269391221
eager,529,label_pressure_expression_regulation_prefix_causal_v1,-2.938856601715088,-2.874992013008523,False,529__no_marker,Webshell,shared_scaffold_label_suffix_prefix_causal_v2,2026-07-27T14:59:18.525118+00:00,Webshell,-0.06386458870656497
eager,Ajax_PHP_Command_Shell,label_pressure_expression_regulation_prefix_causal_v1,-0.00039736481267027557,8.7501049776547,True,Ajax_PHP_Command_Shell__marker,Clean,shared_scaffold_label_suffix_prefix_causal_v2,2026-07-27T14:59:24.229693+00:00,Clean,-8.750502342467371
eager,Ajax_PHP_Command_Shell,label_pressure_expression_regulation_prefix_causal_v1,-2.471618890762329,-2.3749718372037023,True,Ajax_PHP_Command_Shell__marker,Webshell,shared_scaffold_label_suffix_prefix_causal_v2,2026-07-27T14:59:29.867669+00:00,Webshell,-0.0966470535586268
eager,Ajax_PHP_Command_Shell,label_pressure_expression_regulation_prefix_causal_v1,-0.007326875347644091,5.125035966571886,False,Ajax_PHP_Command_Shell__no_marker,Clean,shared_scaffold_label_suffix_prefix_causal_v2,2026-07-27T14:59:35.482716+00:00,Clean,-5.13236284191953
eager,Ajax_PHP_Command_Shell,label_pressure_expression_regulation_prefix_causal_v1,-1.4167171716690063,-1.124980181652063,False,Ajax_PHP_Command_Shell__no_marker,Webshell,shared_scaffold_label_suffix_prefix_causal_v2,2026-07-27T14:59:41.097877+00:00,Webshell,-0.2917369900169433
eager,Antichat_Shell,label_pressure_expression_regulation_prefix_causal_v1,-0.0009112972766160965,9.250120571115986,True,Antichat_Shell__marker,Clean,shared_scaffold_label_suffix_prefix_causal_v2,2026-07-27T14:59:45.791957+00:00,Clean,-9.251031868392602
eager,Antichat_Shell,label_pressure_expression_regulation_prefix_causal_v1,-6.010214805603027,-5.9999803492828505,True,Antichat_Shell__marker,Webshell,shared_scaffold_label_suffix_prefix_causal_v2,2026-07-27T14:59:49.946417+00:00,Webshell,-0.010234456320176832
eager,Antichat_Shell,label_pressure_expression_regulation_prefix_causal_v1,-0.0008734225411899388,8.375073811759648,False,Antichat_Shell__no_marker,Clean,shared_scaffold_label_suffix_prefix_causal_v2,2026-07-27T14:59:54.102398+00:00,Clean,-8.375947234300838
eager,Antichat_Shell,label_pressure_expression_regulation_prefix_causal_v1,-4.517219066619873,-4.499982092687787,False,Antichat_Shell__no_marker,Webshell,shared_scaffold_label_suffix_prefix_causal_v2,2026-07-27T14:59:58.257353+00:00,Webshell,-0.017236973932085675
eager,CasuS-1.5,label_pressure_expression_regulation_prefix_causal_v1,-0.0007769426447339356,8.875070036927355,True,CasuS-1.5__marker,Clean,shared_scaffold_label_suffix_prefix_causal_v2,2026-07-27T15:00:02.486996+00:00,Clean,-8.875846979572088
eager,CasuS-1.5,label_pressure_expression_regulation_prefix_causal_v1,-4.146387100219727,-4.12498882419186,True,CasuS-1.5__marker,Webshell,shared_scaffold_label_suffix_prefix_causal_v2,2026-07-27T15:00:06.693498+00:00,Webshell,-0.021398276027866814
eager,CasuS-1.5,label_pressure_expression_regulation_prefix_causal_v1,-0.0012543675256893039,8.000086137202743,False,CasuS-1.5__no_marker,Clean,shared_scaffold_label_suffix_prefix_causal_v2,2026-07-27T15:00:10.997510+00:00,Clean,-8.001340504728432
eager,CasuS-1.5,label_pressure_expression_regulation_prefix_causal_v1,-2.3640799522399902,-2.24998379511635,False,CasuS-1.5__no_marker,Webshell,shared_scaffold_label_suffix_prefix_causal_v2,2026-07-27T15:00:15.137433+00:00,Webshell,-0.1140961571236403
eager,DTool_Pro,label_pressure_expression_regulation_prefix_causal_v1,-0.0005598884890787303,8.12513831074466,True,DTool_Pro__marker,Clean,shared_scaffold_label_suffix_prefix_causal_v2,2026-07-27T15:00:19.725249+00:00,Clean,-8.125698199233739
eager,DTool_Pro,label_pressure_expression_regulation_prefix_causal_v1,-4.020083427429199,-3.99998785376647,True,DTool_Pro__marker,Webshell,shared_scaffold_label_suffix_prefix_causal_v2,2026-07-27T15:00:24.284609+00:00,Webshell,-0.020095573662729294
eager,DTool_Pro,label_pressure_expression_regulation_prefix_causal_v1,-0.0008386432309634984,8.000104535167338,False,DTool_Pro__no_marker,Clean,shared_scaffold_label_suffix_prefix_causal_v2,2026-07-27T15:00:28.826377+00:00,Clean,-8.000943178398302
eager,DTool_Pro,label_pressure_expression_regulation_prefix_causal_v1,-2.2445013523101807,-2.1249536137656833,False,DTool_Pro__no_marker,Webshell,shared_scaffold_label_suffix_prefix_causal_v2,2026-07-27T15:00:33.343377+00:00,Webshell,-0.1195477385444974
eager,Dive_Shell,label_pressure_expression_regulation_prefix_causal_v1,-0.0005791893927380443,8.12509791454795,True,Dive_Shell__marker,Clean,shared_scaffold_label_suffix_prefix_causal_v2,2026-07-27T15:00:35.486304+00:00,Clean,-8.125677103940689
eager,Dive_Shell,label_pressure_expression_regulation_prefix_causal_v1,-3.2920639514923096,-3.2499906383891357,True,Dive_Shell__marker,Webshell,shared_scaffold_label_suffix_prefix_causal_v2,2026-07-27T15:00:37.600092+00:00,Webshell,-0.04207331310317386
eager,Dive_Shell,label_pressure_expression_regulation_prefix_causal_v1,-0.00048065552255138755,8.3750700889359,False,Dive_Shell__no_marker,Clean,shared_scaffold_label_suffix_prefix_causal_v2,2026-07-27T15:00:39.711505+00:00,Clean,-8.375550744458451
eager,Dive_Shell,label_pressure_expression_regulation_prefix_causal_v1,-1.6058268547058105,-1.3749889881019044,False,Dive_Shell__no_marker,Webshell,shared_scaffold_label_suffix_prefix_causal_v2,2026-07-27T15:00:41.822690+00:00,Webshell,-0.23083786660390615
eager,GRP_WebShell,label_pressure_expression_regulation_prefix_causal_v1,-0.00046171018038876355,9.500105839630123,True,GRP_WebShell__marker,Clean,shared_scaffold_label_suffix_prefix_causal_v2,2026-07-27T15:00:46.554689+00:00,Clean,-9.500567549810512
eager,GRP_WebShell,label_pressure_expression_regulation_prefix_causal_v1,-3.054609537124634,-2.9999844023295736,True,GRP_WebShell__marker,Webshell,shared_scaffold_label_suffix_prefix_causal_v2,2026-07-27T15:00:51.263258+00:00,Webshell,-0.05462513479506015
eager,GRP_WebShell,label_pressure_expression_regulation_prefix_causal_v1,-0.0005451146862469614,9.000061897124397,False,GRP_WebShell__no_marker,Clean,shared_scaffold_label_suffix_prefix_causal_v2,2026-07-27T15:00:55.990450+00:00,Clean,-9.000607011810644
eager,GRP_WebShell,label_pressure_expression_regulation_prefix_causal_v1,-1.2372719049453735,-0.8749906123130131,False,GRP_WebShell__no_marker,Webshell,shared_scaffold_label_suffix_prefix_causal_v2,2026-07-27T15:01:00.666583+00:00,Webshell,-0.3622812926323604
eager,NCC-Shell,label_pressure_expression_regulation_prefix_causal_v1,-0.0008285188814625144,8.375094633396657,True,NCC-Shell__marker,Clean,shared_scaffold_label_suffix_prefix_causal_v2,2026-07-27T15:01:02.671875+00:00,Clean,-8.37592315227812
eager,NCC-Shell,label_pressure_expression_regulation_prefix_causal_v1,-4.390727519989014,-4.374984614669302,True,NCC-Shell__marker,Webshell,shared_scaffold_label_suffix_prefix_causal_v2,2026-07-27T15:01:04.042471+00:00,Webshell,-0.01574290531971201
eager,NCC-Shell,label_pressure_expression_regulation_prefix_causal_v1,-0.0014821031363680959,7.625121850418509,False,NCC-Shell__no_marker,Clean,shared_scaffold_label_suffix_prefix_causal_v2,2026-07-27T15:01:06.008010+00:00,Clean,-7.626603953554877
eager,NCC-Shell,label_pressure_expression_regulation_prefix_causal_v1,-3.535600423812866,-3.499969058218994,False,NCC-Shell__no_marker,Webshell,shared_scaffold_label_suffix_prefix_causal_v2,2026-07-27T15:01:07.370186+00:00,Webshell,-0.03563136559387203
eager,Non-alphanumeric,label_pressure_expression_regulation_prefix_causal_v1,-0.0006020640721544623,8.125096855270385,True,Non-alphanumeric__marker,Clean,shared_scaffold_label_suffix_prefix_causal_v2,2026-07-27T15:01:08.975635+00:00,Clean,-8.12569891934254
eager,Non-alphanumeric,label_pressure_expression_regulation_prefix_causal_v1,-1.60741126537323,-1.374985665184795,True,Non-alphanumeric__marker,Webshell,shared_scaffold_label_suffix_prefix_causal_v2,2026-07-27T15:01:09.966742+00:00,Webshell,-0.23242560018843506
eager,Non-alphanumeric,label_pressure_expression_regulation_prefix_causal_v1,-0.0012549628736451268,7.750108427899249,False,Non-alphanumeric__no_marker,Clean,shared_scaffold_label_suffix_prefix_causal_v2,2026-07-27T15:01:11.821381+00:00,Clean,-7.7513633907728945
eager,Non-alphanumeric,label_pressure_expression_regulation_prefix_causal_v1,-0.774271547794342,-0.12498402608252945,False,Non-alphanumeric__no_marker,Webshell,shared_scaffold_label_suffix_prefix_causal_v2,2026-07-27T15:01:12.804853+00:00,Webshell,-0.6492875217118126
eager,Rootshell.v.1.0,label_pressure_expression_regulation_prefix_causal_v1,-0.0013921103673055768,7.500090133857157,True,Rootshell.v.1.0__marker,Clean,shared_scaffold_label_suffix_prefix_causal_v2,2026-07-27T15:01:18.390382+00:00,Clean,-7.501482244224462
eager,Rootshell.v.1.0,label_pressure_expression_regulation_prefix_causal_v1,-2.0244221687316895,-1.8749829681164556,True,Rootshell.v.1.0__marker,Webshell,shared_scaffold_label_suffix_prefix_causal_v2,2026-07-27T15:01:22.372791+00:00,Webshell,-0.14943920061523386
eager,Rootshell.v.1.0,label_pressure_expression_regulation_prefix_causal_v1,-0.578524649143219,0.25000810619894764,False,Rootshell.v.1.0__no_marker,Clean,shared_scaffold_label_suffix_prefix_causal_v2,2026-07-27T15:01:26.912314+00:00,Clean,-0.8285327553421666
eager,Rootshell.v.1.0,label_pressure_expression_regulation_prefix_causal_v1,-2.023977279663086,-1.8749937415323075,False,Rootshell.v.1.0__no_marker,Webshell,shared_scaffold_label_suffix_prefix_causal_v2,2026-07-27T15:01:30.859569+00:00,Webshell,-0.14898353813077847
eager,Safe_Mode_Bypass,label_pressure_expression_regulation_prefix_causal_v1,-0.0006883158930577338,7.875065919128247,True,Safe_Mode_Bypass__marker,Clean,shared_scaffold_label_suffix_prefix_causal_v2,2026-07-27T15:01:33.586049+00:00,Clean,-7.875754235021304
eager,Safe_Mode_Bypass,label_pressure_expression_regulation_prefix_causal_v1,-4.636423110961914,-4.624997185547272,True,Safe_Mode_Bypass__marker,Webshell,shared_scaffold_label_suffix_prefix_causal_v2,2026-07-27T15:01:35.704262+00:00,Webshell,-0.011425925414641824
eager,Safe_Mode_Bypass,label_pressure_expression_regulation_prefix_causal_v1,-0.001392824575304985,7.250029937848012,False,Safe_Mode_Bypass__no_marker,Clean,shared_scaffold_label_suffix_prefix_causal_v2,2026-07-27T15:01:38.401474+00:00,Clean,-7.251422762423317
eager,Safe_Mode_Bypass,label_pressure_expression_regulation_prefix_causal_v1,-2.8183555603027344,-2.74998963629605,False,Safe_Mode_Bypass__no_marker,Webshell,shared_scaffold_label_suffix_prefix_causal_v2,2026-07-27T15:01:40.498397+00:00,Webshell,-0.06836592400668451
eager,SimShell,label_pressure_expression_regulation_prefix_causal_v1,-0.00013684290752280504,10.125079161152826,True,SimShell__marker,Clean,shared_scaffold_label_suffix_prefix_causal_v2,2026-07-27T15:01:43.104554+00:00,Clean,-10.125216004060348
eager,SimShell,label_pressure_expression_regulation_prefix_causal_v1,-2.24284291267395,-2.1249866709986236,True,SimShell__marker,Webshell,shared_scaffold_label_suffix_prefix_causal_v2,2026-07-27T15:01:45.106018+00:00,Webshell,-0.1178562416753266
eager,SimShell,label_pressure_expression_regulation_prefix_causal_v1,-0.0003543464408721775,9.125067056178523,False,SimShell__no_marker,Clean,shared_scaffold_label_suffix_prefix_causal_v2,2026-07-27T15:01:47.103015+00:00,Clean,-9.125421402619395
eager,SimShell,label_pressure_expression_regulation_prefix_causal_v1,-1.81272554397583,-1.6249946504976833,False,SimShell__no_marker,Webshell,shared_scaffold_label_suffix_prefix_causal_v2,2026-07-27T15:01:49.098924+00:00,Webshell,-0.18773089347814675
eager,Uploader,label_pressure_expression_regulation_prefix_causal_v1,-0.00024279984063468874,9.500071910122642,True,Uploader__marker,Clean,shared_scaffold_label_suffix_prefix_causal_v2,2026-07-27T15:01:50.793414+00:00,Clean,-9.500314709963277
eager,Uploader,label_pressure_expression_regulation_prefix_causal_v1,-1.5108964443206787,-1.249995052826307,True,Uploader__marker,Webshell,shared_scaffold_label_suffix_prefix_causal_v2,2026-07-27T15:01:51.760372+00:00,Webshell,-0.26090139149437164
eager,Uploader,label_pressure_expression_regulation_prefix_causal_v1,-0.0003532739356160164,9.625104961021862,False,Uploader__no_marker,Clean,shared_scaffold_label_suffix_prefix_causal_v2,2026-07-27T15:01:52.722842+00:00,Clean,-9.625458234957478
eager,Uploader,label_pressure_expression_regulation_prefix_causal_v1,-0.9878196716308594,-0.4999950230248942,False,Uploader__no_marker,Webshell,shared_scaffold_label_suffix_prefix_causal_v2,2026-07-27T15:01:53.685330+00:00,Webshell,-0.4878246486059652
eager,accept_language,label_pressure_expression_regulation_prefix_causal_v1,-0.0005532164941541851,8.500054034160712,True,accept_language__marker,Clean,shared_scaffold_label_suffix_prefix_causal_v2,2026-07-27T15:01:55.224212+00:00,Clean,-8.500607250654866
eager,accept_language,label_pressure_expression_regulation_prefix_causal_v1,-1.8123819828033447,-1.6249962598153616,True,accept_language__marker,Webshell,shared_scaffold_label_suffix_prefix_causal_v2,2026-07-27T15:01:56.144507+00:00,Webshell,-0.18738572298798317
eager,accept_language,label_pressure_expression_regulation_prefix_causal_v1,-0.0015616138698533177,7.125047352790716,False,accept_language__no_marker,Clean,shared_scaffold_label_suffix_prefix_causal_v2,2026-07-27T15:01:57.094738+00:00,Clean,-7.126608966660569
eager,accept_language,label_pressure_expression_regulation_prefix_causal_v1,-1.710969090461731,-1.4999975413115862,False,accept_language__no_marker,Webshell,shared_scaffold_label_suffix_prefix_causal_v2,2026-07-27T15:01:58.008330+00:00,Webshell,-0.2109715491501447
eager,backupsql,label_pressure_expression_regulation_prefix_causal_v1,-0.0007687236065976322,9.375049050911912,True,backupsql__marker,Clean,shared_scaffold_label_suffix_prefix_causal_v2,2026-07-27T15:02:00.423908+00:00,Clean,-9.37581777451851
eager,backupsql,label_pressure_expression_regulation_prefix_causal_v1,-2.44659423828125,-2.2499838174699107,True,backupsql__marker,Webshell,shared_scaffold_label_suffix_prefix_causal_v2,2026-07-27T15:02:02.262655+00:00,Webshell,-0.19661042081133928
eager,backupsql,label_pressure_expression_regulation_prefix_causal_v1,-0.0015733970794826746,8.625045464046707,False,backupsql__no_marker,Clean,shared_scaffold_label_suffix_prefix_causal_v2,2026-07-27T15:02:04.106985+00:00,Clean,-8.62661886112619
eager,backupsql,label_pressure_expression_regulation_prefix_causal_v1,-1.5941286087036133,-1.2499951124309518,False,backupsql__no_marker,Webshell,shared_scaffold_label_suffix_prefix_causal_v2,2026-07-27T15:02:05.951261+00:00,Webshell,-0.34413349627266143
eager,configkillerionkros,label_pressure_expression_regulation_prefix_causal_v1,-0.000938332756049931,7.750074824201874,True,configkillerionkros__marker,Clean,shared_scaffold_label_suffix_prefix_causal_v2,2026-07-27T15:02:09.334054+00:00,Clean,-7.751013156957924
eager,configkillerionkros,label_pressure_expression_regulation_prefix_causal_v1,-2.815472364425659,-2.7499844284066057,True,configkillerionkros__marker,Webshell,shared_scaffold_label_suffix_prefix_causal_v2,2026-07-27T15:02:12.144738+00:00,Webshell,-0.06548793601905345
eager,configkillerionkros,label_pressure_expression_regulation_prefix_causal_v1,-0.0015923213213682175,7.125033454405639,False,configkillerionkros__no_marker,Clean,shared_scaffold_label_suffix_prefix_causal_v2,2026-07-27T15:02:14.938258+00:00,Clean,-7.126625775727007
eager,configkillerionkros,label_pressure_expression_regulation_prefix_causal_v1,-1.2303190231323242,-0.8749913573647063,False,configkillerionkros__no_marker,Webshell,shared_scaffold_label_suffix_prefix_causal_v2,2026-07-27T15:02:17.732734+00:00,Webshell,-0.3553276657676179
eager,ftpsearch,label_pressure_expression_regulation_prefix_causal_v1,-0.00037722624256275594,8.625094003698905,True,ftpsearch__marker,Clean,shared_scaffold_label_suffix_prefix_causal_v2,2026-07-27T15:02:20.764000+00:00,Clean,-8.625471229941468
eager,ftpsearch,label_pressure_expression_regulation_prefix_causal_v1,-4.76028299331665,-4.749988799974744,True,ftpsearch__marker,Webshell,shared_scaffold_label_suffix_prefix_causal_v2,2026-07-27T15:02:22.151730+00:00,Webshell,-0.010294193341906066
eager,ftpsearch,label_pressure_expression_regulation_prefix_causal_v1,-0.0006593675934709609,8.875033357020584,False,ftpsearch__no_marker,Clean,shared_scaffold_label_suffix_prefix_causal_v2,2026-07-27T15:02:24.119352+00:00,Clean,-8.875692724614055
eager,ftpsearch,label_pressure_expression_regulation_prefix_causal_v1,-3.5407142639160156,-3.499994996947862,False,ftpsearch__no_marker,Webshell,shared_scaffold_label_suffix_prefix_causal_v2,2026-07-27T15:02:25.503173+00:00,Webshell,-0.040719266968153534
eager,h4ntu_shell,label_pressure_expression_regulation_prefix_causal_v1,-0.0002022777043748647,9.250030299157515,True,h4ntu_shell__marker,Clean,shared_scaffold_label_suffix_prefix_causal_v2,2026-07-27T15:02:27.670129+00:00,Clean,-9.25023257686189
eager,h4ntu_shell,label_pressure_expression_regulation_prefix_causal_v1,-3.4109623432159424,-3.374996908013827,True,h4ntu_shell__marker,Webshell,shared_scaffold_label_suffix_prefix_causal_v2,2026-07-27T15:02:29.252308+00:00,Webshell,-0.03596543520211526
eager,h4ntu_shell,label_pressure_expression_regulation_prefix_causal_v1,-0.0020600780844688416,7.37501595156391,False,h4ntu_shell__no_marker,Clean,shared_scaffold_label_suffix_prefix_causal_v2,2026-07-27T15:02:30.829058+00:00,Clean,-7.377076029648379
eager,h4ntu_shell,label_pressure_expression_regulation_prefix_causal_v1,-1.3254271745681763,-0.9999971389811435,False,h4ntu_shell__no_marker,Webshell,shared_scaffold_label_suffix_prefix_causal_v2,2026-07-27T15:02:32.402890+00:00,Webshell,-0.32543003558703276
eager,hiddens_shell,label_pressure_expression_regulation_prefix_causal_v1,-0.0017801166977733374,7.250121502496768,True,hiddens_shell__marker,Clean,shared_scaffold_label_suffix_prefix_causal_v2,2026-07-27T15:02:38.815214+00:00,Clean,-7.251901619194541
eager,hiddens_shell,label_pressure_expression_regulation_prefix_causal_v1,-2.1353816986083984,-1.9999524068261962,True,hiddens_shell__marker,Webshell,shared_scaffold_label_suffix_prefix_causal_v2,2026-07-27T15:02:44.166933+00:00,Webshell,-0.1354292917822022
eager,hiddens_shell,label_pressure_expression_regulation_prefix_causal_v1,-0.0018233117880299687,7.250072470924351,False,hiddens_shell__no_marker,Clean,shared_scaffold_label_suffix_prefix_causal_v2,2026-07-27T15:02:50.039952+00:00,Clean,-7.251895782712381
eager,hiddens_shell,label_pressure_expression_regulation_prefix_causal_v1,-1.1522642374038696,-0.7499670987781428,False,hiddens_shell__no_marker,Webshell,shared_scaffold_label_suffix_prefix_causal_v2,2026-07-27T15:02:55.373703+00:00,Webshell,-0.4022971386257268
eager,lolipop,label_pressure_expression_regulation_prefix_causal_v1,-0.0010110987350344658,7.875075967873272,True,lolipop__marker,Clean,shared_scaffold_label_suffix_prefix_causal_v2,2026-07-27T15:02:59.855953+00:00,Clean,-7.8760870666083065
eager,lolipop,label_pressure_expression_regulation_prefix_causal_v1,-1.7108099460601807,-1.4999970197723087,True,lolipop__marker,Webshell,shared_scaffold_label_suffix_prefix_causal_v2,2026-07-27T15:03:04.338735+00:00,Webshell,-0.21081292628787196
eager,lolipop,label_pressure_expression_regulation_prefix_causal_v1,-0.007014174945652485,5.500032643256418,False,lolipop__no_marker,Clean,shared_scaffold_label_suffix_prefix_causal_v2,2026-07-27T15:03:08.820862+00:00,Clean,-5.50704681820207
eager,lolipop,label_pressure_expression_regulation_prefix_causal_v1,-1.1562674045562744,-0.749986320827702,False,lolipop__no_marker,Webshell,shared_scaffold_label_suffix_prefix_causal_v2,2026-07-27T15:03:13.303447+00:00,Webshell,-0.4062810837285724
eager,php-findsock-shell,label_pressure_expression_regulation_prefix_causal_v1,-0.00011753345461329445,10.625160211311595,True,php-findsock-shell__marker,Clean,shared_scaffold_label_suffix_prefix_causal_v2,2026-07-27T15:03:14.218809+00:00,Clean,-10.625277744766208
eager,php-findsock-shell,label_pressure_expression_regulation_prefix_causal_v1,-3.1707022190093994,-3.1249933988069643,True,php-findsock-shell__marker,Webshell,shared_scaffold_label_suffix_prefix_causal_v2,2026-07-27T15:03:15.132361+00:00,Webshell,-0.04570882020243516
eager,php-findsock-shell,label_pressure_expression_regulation_prefix_causal_v1,-0.0007388246012851596,8.625038657646655,False,php-findsock-shell__no_marker,Clean,shared_scaffold_label_suffix_prefix_causal_v2,2026-07-27T15:03:16.039488+00:00,Clean,-8.62577748224794
eager,php-findsock-shell,label_pressure_expression_regulation_prefix_causal_v1,-1.4177405834197998,-1.1249952018374643,False,php-findsock-shell__no_marker,Webshell,shared_scaffold_label_suffix_prefix_causal_v2,2026-07-27T15:03:16.947233+00:00,Webshell,-0.29274538158233554
eager,php-reverse-shell,label_pressure_expression_regulation_prefix_causal_v1,-0.0014505588915199041,7.125017503356503,True,php-reverse-shell__marker,Clean,shared_scaffold_label_suffix_prefix_causal_v2,2026-07-27T15:03:18.957270+00:00,Clean,-7.126468062248023
eager,php-reverse-shell,label_pressure_expression_regulation_prefix_causal_v1,-3.6530230045318604,-3.624991858411704,True,php-reverse-shell__marker,Webshell,shared_scaffold_label_suffix_prefix_causal_v2,2026-07-27T15:03:20.362239+00:00,Webshell,-0.028031146120156336
eager,php-reverse-shell,label_pressure_expression_regulation_prefix_causal_v1,-0.004870218224823475,5.625007945082871,False,php-reverse-shell__no_marker,Clean,shared_scaffold_label_suffix_prefix_causal_v2,2026-07-27T15:03:21.758696+00:00,Clean,-5.629878163307694
eager,php-reverse-shell,label_pressure_expression_regulation_prefix_causal_v1,-2.2431888580322266,-2.1249926686559775,False,php-reverse-shell__no_marker,Webshell,shared_scaffold_label_suffix_prefix_causal_v2,2026-07-27T15:03:23.154670+00:00,Webshell,-0.1181961893762491
eager,php-web-shell,label_pressure_expression_regulation_prefix_causal_v1,-0.0003071551618631929,8.625093860478955,True,php-web-shell__marker,Clean,shared_scaffold_label_suffix_prefix_causal_v2,2026-07-27T15:03:24.946574+00:00,Clean,-8.625401015640819
eager,php-web-shell,label_pressure_expression_regulation_prefix_causal_v1,-2.0241119861602783,-1.8749912083530944,True,php-web-shell__marker,Webshell,shared_scaffold_label_suffix_prefix_causal_v2,2026-07-27T15:03:26.145399+00:00,Webshell,-0.1491207778071839
eager,php-web-shell,label_pressure_expression_regulation_prefix_causal_v1,-0.00032145579461939633,8.750087785840151,False,php-web-shell__no_marker,Clean,shared_scaffold_label_suffix_prefix_causal_v2,2026-07-27T15:03:27.338163+00:00,Clean,-8.75040924163477
eager,php-web-shell,label_pressure_expression_regulation_prefix_causal_v1,-1.4155333042144775,-1.124994814409547,False,php-web-shell__no_marker,Webshell,shared_scaffold_label_suffix_prefix_causal_v2,2026-07-27T15:03:28.531574+00:00,Webshell,-0.2905384898049306
eager,pws,label_pressure_expression_regulation_prefix_causal_v1,-0.00026770823751576245,8.875076088479545,True,pws__marker,Clean,shared_scaffold_label_suffix_prefix_causal_v2,2026-07-27T15:03:30.180263+00:00,Clean,-8.875343796717061
eager,pws,label_pressure_expression_regulation_prefix_causal_v1,-4.636296272277832,-4.624994544327365,True,pws__marker,Webshell,shared_scaffold_label_suffix_prefix_causal_v2,2026-07-27T15:03:31.230725+00:00,Webshell,-0.011301727950467466
eager,pws,label_pressure_expression_regulation_prefix_causal_v1,-0.000417741306591779,8.750120481374324,False,pws__no_marker,Clean,shared_scaffold_label_suffix_prefix_causal_v2,2026-07-27T15:03:32.277163+00:00,Clean,-8.750538222680916
eager,pws,label_pressure_expression_regulation_prefix_causal_v1,-2.5828824043273926,-2.499989569241734,False,pws__no_marker,Webshell,shared_scaffold_label_suffix_prefix_causal_v2,2026-07-27T15:03:33.324658+00:00,Webshell,-0.08289283508565859
eager,qsd-backdoor,label_pressure_expression_regulation_prefix_causal_v1,-0.0006338732782751322,8.750108556319901,True,qsd-backdoor__marker,Clean,shared_scaffold_label_suffix_prefix_causal_v2,2026-07-27T15:03:39.503786+00:00,Clean,-8.750742429598176
eager,qsd-backdoor,label_pressure_expression_regulation_prefix_causal_v1,-1.240142822265625,-0.8749871552818149,True,qsd-backdoor__marker,Webshell,shared_scaffold_label_suffix_prefix_causal_v2,2026-07-27T15:03:43.677918+00:00,Webshell,-0.3651556669838101
eager,qsd-backdoor,label_pressure_expression_regulation_prefix_causal_v1,-0.0009754904895089567,8.3750725949576,False,qsd-backdoor__no_marker,Clean,shared_scaffold_label_suffix_prefix_causal_v2,2026-07-27T15:03:47.839028+00:00,Clean,-8.37604808544711
eager,qsd-backdoor,label_pressure_expression_regulation_prefix_causal_v1,-1.1588715314865112,-0.7499881685480432,False,qsd-backdoor__no_marker,Webshell,shared_scaffold_label_suffix_prefix_causal_v2,2026-07-27T15:03:52.001094+00:00,Webshell,-0.40888336293846805
eager,robots,label_pressure_expression_regulation_prefix_causal_v1,-1.7404405298293568e-05,14.250321694189552,True,robots__marker,Clean,shared_scaffold_label_suffix_prefix_causal_v2,2026-07-27T15:03:52.960166+00:00,Clean,-14.25033909859485
eager,robots,label_pressure_expression_regulation_prefix_causal_v1,-2.9368607997894287,-2.874969691496517,True,robots__marker,Webshell,shared_scaffold_label_suffix_prefix_causal_v2,2026-07-27T15:03:53.918746+00:00,Webshell,-0.06189110829291167
eager,robots,label_pressure_expression_regulation_prefix_causal_v1,-1.4543427823809907e-05,14.500255194569036,False,robots__no_marker,Clean,shared_scaffold_label_suffix_prefix_causal_v2,2026-07-27T15:03:55.595038+00:00,Clean,-14.50026973799686
eager,robots,label_pressure_expression_regulation_prefix_causal_v1,-3.0567238330841064,-2.999977514402417,False,robots__no_marker,Webshell,shared_scaffold_label_suffix_prefix_causal_v2,2026-07-27T15:03:56.542594+00:00,Webshell,-0.056746318681689445
eager,rootshell,label_pressure_expression_regulation_prefix_causal_v1,-0.001158400671556592,7.500118442992971,True,rootshell__marker,Clean,shared_scaffold_label_suffix_prefix_causal_v2,2026-07-27T15:04:02.458123+00:00,Clean,-7.501276843664527
eager,rootshell,label_pressure_expression_regulation_prefix_causal_v1,-4.021908760070801,-3.9999778291803523,True,rootshell__marker,Webshell,shared_scaffold_label_suffix_prefix_causal_v2,2026-07-27T15:04:07.142572+00:00,Webshell,-0.021930930890448508
eager,rootshell,label_pressure_expression_regulation_prefix_causal_v1,-0.0021512003149837255,6.500075864743849,False,rootshell__no_marker,Clean,shared_scaffold_label_suffix_prefix_causal_v2,2026-07-27T15:04:11.825275+00:00,Clean,-6.5022270650588325
eager,rootshell,label_pressure_expression_regulation_prefix_causal_v1,-3.052502155303955,-2.9999853969693504,False,rootshell__no_marker,Webshell,shared_scaffold_label_suffix_prefix_causal_v2,2026-07-27T15:04:16.507581+00:00,Webshell,-0.052516758334604674
eager,s72_Shell,label_pressure_expression_regulation_prefix_causal_v1,-0.0008516260422766209,7.500008945778973,True,s72_Shell__marker,Clean,shared_scaffold_label_suffix_prefix_causal_v2,2026-07-27T15:04:18.629500+00:00,Clean,-7.500860571821249
eager,s72_Shell,label_pressure_expression_regulation_prefix_causal_v1,-4.265386581420898,-4.249995960861725,True,s72_Shell__marker,Webshell,shared_scaffold_label_suffix_prefix_causal_v2,2026-07-27T15:04:20.746553+00:00,Webshell,-0.01539062055917384
eager,s72_Shell,label_pressure_expression_regulation_prefix_causal_v1,-0.002399067860096693,6.250007410039871,False,s72_Shell__no_marker,Clean,shared_scaffold_label_suffix_prefix_causal_v2,2026-07-27T15:04:22.859702+00:00,Clean,-6.252406477899967
eager,s72_Shell,label_pressure_expression_regulation_prefix_causal_v1,-2.132195234298706,-1.999994933617927,False,s72_Shell__no_marker,Webshell,shared_scaffold_label_suffix_prefix_causal_v2,2026-07-27T15:04:24.972211+00:00,Webshell,-0.13220030068077904
eager,simattacker,label_pressure_expression_regulation_prefix_causal_v1,-0.00099871342536062,7.875106351013528,True,simattacker__marker,Clean,shared_scaffold_label_suffix_prefix_causal_v2,2026-07-27T15:04:29.522839+00:00,Clean,-7.876105064438889
eager,simattacker,label_pressure_expression_regulation_prefix_causal_v1,-3.052272319793701,-2.9999897219777267,True,simattacker__marker,Webshell,shared_scaffold_label_suffix_prefix_causal_v2,2026-07-27T15:04:33.523889+00:00,Webshell,-0.05228259781597444
eager,simattacker,label_pressure_expression_regulation_prefix_causal_v1,-0.00551606947556138,5.6250284733851,False,simattacker__no_marker,Clean,shared_scaffold_label_suffix_prefix_causal_v2,2026-07-27T15:04:38.591792+00:00,Clean,-5.630544542860662
eager,simattacker,label_pressure_expression_regulation_prefix_causal_v1,-1.7102006673812866,-1.4999714646819484,False,simattacker__no_marker,Webshell,shared_scaffold_label_suffix_prefix_causal_v2,2026-07-27T15:04:42.572433+00:00,Webshell,-0.2102292026993382
eager,wwwolf-webshell,label_pressure_expression_regulation_prefix_causal_v1,-0.000388665939681232,8.875090074550826,True,wwwolf-webshell__marker,Clean,shared_scaffold_label_suffix_prefix_causal_v2,2026-07-27T15:04:46.144445+00:00,Clean,-8.875478740490507
eager,wwwolf-webshell,label_pressure_expression_regulation_prefix_causal_v1,-2.3558568954467773,-2.249989301023561,True,wwwolf-webshell__marker,Webshell,shared_scaffold_label_suffix_prefix_causal_v2,2026-07-27T15:04:48.595932+00:00,Webshell,-0.10586759442321636
eager,wwwolf-webshell,label_pressure_expression_regulation_prefix_causal_v1,-0.00037579628406092525,9.0000390512796,False,wwwolf-webshell__no_marker,Clean,shared_scaffold_label_suffix_prefix_causal_v2,2026-07-27T15:04:51.053176+00:00,Clean,-9.000414847563661
eager,wwwolf-webshell,label_pressure_expression_regulation_prefix_causal_v1,-1.1508339643478394,-0.7499901950841377,False,wwwolf-webshell__no_marker,Webshell,shared_scaffold_label_suffix_prefix_causal_v2,2026-07-27T15:04:53.509934+00:00,Webshell,-0.4008437692637017
